{
  "CI0016": {
    "x": 0.6142373693172978,
    "y": 0.7086775094523855
  },
  "CI0018": {
    "x": 0.7087945613398605,
    "y": 0.5202430271702483
  },
  "CI0020": {
    "x": 0.6176164476719581,
    "y": 0.38571872296895515
  },
  "CI0022": {
    "x": 0.6176164476719581,
    "y": 0.5142916306252735
  },
  "CI0023": {
    "x": 0.6347292459701736,
    "y": 0.5101441174750697
  },
  "CI0024": {
    "x": 0.6339513915020729,
    "y": 0.4686689859730315
  },
  "CI0025": {
    "x": 0.7064882883637005,
    "y": 0.43558405686957796
  },
  "CI0026": {
    "x": 0.6365313414201784,
    "y": 0.7100429767152995
  },
  "CI0027": {
    "x": 0.5465919785856881,
    "y": 0.4659265584970111
  },
  "CI0030": {
    "x": 0.7366281812913656,
    "y": 0.43825388953820354
  },
  "CI0031": {
    "x": 0.19835288936567924,
    "y": 0.45899145528922264
  },
  "CI0032": {
    "x": 0.5588868178894562,
    "y": 0.7196012475556978
  },
  "CI0033": {
    "x": 0.6396063720550585,
    "y": 0.6649825570391362
  },
  "CI0034": {
    "x": 0.5573493025720161,
    "y": 0.6718098933537064
  },
  "CI0037": {
    "x": 0.6168385932038574,
    "y": 0.4686689859730315
  },
  "CI0039": {
    "x": 0.6160607387357567,
    "y": 0.4299588632377959
  },
  "CI0041": {
    "x": 0.5465919785856881,
    "y": 0.3839453458582408
  },
  "CI0042": {
    "x": 0.6434501603486587,
    "y": 0.7714890035464311
  },
  "CI0044": {
    "x": 0.5458232134962567,
    "y": 0.424935952177626
  },
  "CI0045": {
    "x": 0.6419126450312186,
    "y": 0.8124530214338523
  }
}